--------------------------------------------------------
--  File created - Tuesday-June-30-2020   
--------------------------------------------------------
--------------------------------------------------------
--  DDL for Sequence SEQ_ID_BUKU
--------------------------------------------------------

   CREATE SEQUENCE  "EMIR_06999"."SEQ_ID_BUKU"  MINVALUE 1 MAXVALUE 999999 INCREMENT BY 1 START WITH 81 CACHE 20 NOORDER  NOCYCLE ;
--------------------------------------------------------
--  DDL for Table BUKU_06999
--------------------------------------------------------

  CREATE TABLE "EMIR_06999"."BUKU_06999" 
   (	"ID_BUKU" NUMBER(*,0), 
	"JUDUL_BUKU" VARCHAR2(20 BYTE), 
	"PENERBIT" VARCHAR2(20 BYTE), 
	"TAHUN_TERBIT" NUMBER(4,0), 
	"HARGA" NUMBER(10,0)
   ) SEGMENT CREATION IMMEDIATE 
  PCTFREE 10 PCTUSED 40 INITRANS 1 MAXTRANS 255 NOCOMPRESS LOGGING
  STORAGE(INITIAL 65536 NEXT 1048576 MINEXTENTS 1 MAXEXTENTS 2147483645
  PCTINCREASE 0 FREELISTS 1 FREELIST GROUPS 1 BUFFER_POOL DEFAULT FLASH_CACHE DEFAULT CELL_FLASH_CACHE DEFAULT)
  TABLESPACE "EMIR_06999" ;
--------------------------------------------------------
--  DDL for Table DETAIL_TRANSAKSI_06999
--------------------------------------------------------

  CREATE TABLE "EMIR_06999"."DETAIL_TRANSAKSI_06999" 
   (	"NO_TRANSAKSI" NUMBER(*,0), 
	"ID_BUKU" NUMBER(*,0), 
	"QUANTITY" NUMBER(30,0), 
	"TANGGAL" DATE
   ) SEGMENT CREATION IMMEDIATE 
  PCTFREE 10 PCTUSED 40 INITRANS 1 MAXTRANS 255 NOCOMPRESS LOGGING
  STORAGE(INITIAL 65536 NEXT 1048576 MINEXTENTS 1 MAXEXTENTS 2147483645
  PCTINCREASE 0 FREELISTS 1 FREELIST GROUPS 1 BUFFER_POOL DEFAULT FLASH_CACHE DEFAULT CELL_FLASH_CACHE DEFAULT)
  TABLESPACE "EMIR_06999" ;
--------------------------------------------------------
--  DDL for Table PEGAWAI_06999
--------------------------------------------------------

  CREATE TABLE "EMIR_06999"."PEGAWAI_06999" 
   (	"ID_PEGAWAI" NUMBER(*,0), 
	"NAMA" VARCHAR2(20 BYTE), 
	"JENIS_KELAMIN" VARCHAR2(20 BYTE), 
	"ALAMAT" VARCHAR2(20 BYTE), 
	"NO_TELP" NUMBER(15,0), 
	"USERNAME" VARCHAR2(20 BYTE), 
	"PASSWORD" VARCHAR2(20 BYTE), 
	"JABATAN" VARCHAR2(10 BYTE)
   ) SEGMENT CREATION IMMEDIATE 
  PCTFREE 10 PCTUSED 40 INITRANS 1 MAXTRANS 255 NOCOMPRESS LOGGING
  STORAGE(INITIAL 65536 NEXT 1048576 MINEXTENTS 1 MAXEXTENTS 2147483645
  PCTINCREASE 0 FREELISTS 1 FREELIST GROUPS 1 BUFFER_POOL DEFAULT FLASH_CACHE DEFAULT CELL_FLASH_CACHE DEFAULT)
  TABLESPACE "EMIR_06999" ;
--------------------------------------------------------
--  DDL for Table PEMBELI_06999
--------------------------------------------------------

  CREATE TABLE "EMIR_06999"."PEMBELI_06999" 
   (	"ID_PEMBELI" NUMBER(*,0), 
	"NAMA" VARCHAR2(20 BYTE), 
	"JENIS_KELAMIN" VARCHAR2(20 BYTE), 
	"ALAMAT" VARCHAR2(20 BYTE), 
	"NO_TELP" NUMBER(15,0), 
	"NO_REGISTRASI" NUMBER(*,0)
   ) SEGMENT CREATION IMMEDIATE 
  PCTFREE 10 PCTUSED 40 INITRANS 1 MAXTRANS 255 NOCOMPRESS LOGGING
  STORAGE(INITIAL 65536 NEXT 1048576 MINEXTENTS 1 MAXEXTENTS 2147483645
  PCTINCREASE 0 FREELISTS 1 FREELIST GROUPS 1 BUFFER_POOL DEFAULT FLASH_CACHE DEFAULT CELL_FLASH_CACHE DEFAULT)
  TABLESPACE "EMIR_06999" ;
--------------------------------------------------------
--  DDL for Table REGISTRASI_06999
--------------------------------------------------------

  CREATE TABLE "EMIR_06999"."REGISTRASI_06999" 
   (	"NO_REGISTRASI" NUMBER(*,0), 
	"O6999_TANGGAL" DATE, 
	"ID_PEMBELI" NUMBER(*,0), 
	"ID_PEGAWAI" NUMBER(*,0)
   ) SEGMENT CREATION IMMEDIATE 
  PCTFREE 10 PCTUSED 40 INITRANS 1 MAXTRANS 255 NOCOMPRESS LOGGING
  STORAGE(INITIAL 65536 NEXT 1048576 MINEXTENTS 1 MAXEXTENTS 2147483645
  PCTINCREASE 0 FREELISTS 1 FREELIST GROUPS 1 BUFFER_POOL DEFAULT FLASH_CACHE DEFAULT CELL_FLASH_CACHE DEFAULT)
  TABLESPACE "EMIR_06999" ;
--------------------------------------------------------
--  DDL for Table TRANSAKSI_06999
--------------------------------------------------------

  CREATE TABLE "EMIR_06999"."TRANSAKSI_06999" 
   (	"NO_TRANSAKSI" NUMBER(*,0), 
	"ID_PEMBELI" NUMBER(*,0), 
	"ID_PEGAWAI" NUMBER(*,0), 
	"TOTAL_HARGA" NUMBER(*,0), 
	"TOTAL_BAYAR" NUMBER(*,0), 
	"KEMBALI" NUMBER(*,0)
   ) SEGMENT CREATION IMMEDIATE 
  PCTFREE 10 PCTUSED 40 INITRANS 1 MAXTRANS 255 NOCOMPRESS LOGGING
  STORAGE(INITIAL 65536 NEXT 1048576 MINEXTENTS 1 MAXEXTENTS 2147483645
  PCTINCREASE 0 FREELISTS 1 FREELIST GROUPS 1 BUFFER_POOL DEFAULT FLASH_CACHE DEFAULT CELL_FLASH_CACHE DEFAULT)
  TABLESPACE "EMIR_06999" ;
--------------------------------------------------------
--  DDL for View LIST_BUKU
--------------------------------------------------------

  CREATE OR REPLACE FORCE VIEW "EMIR_06999"."LIST_BUKU" ("ID_BUKU", "JUDUL_BUKU", "PENERBIT", "TAHUN_TERBIT", "HARGA") AS 
  select "ID_BUKU","JUDUL_BUKU","PENERBIT","TAHUN_TERBIT","HARGA" from buku_06999
;
--------------------------------------------------------
--  DDL for View LIST_DETAIL
--------------------------------------------------------

  CREATE OR REPLACE FORCE VIEW "EMIR_06999"."LIST_DETAIL" ("JUDUL_BUKU", "HARGA", "QUANTITY", "TANGGAL") AS 
  select b.judul_buku, b.harga, a.quantity, a.tanggal
from detail_transaksi_06999 a join
buku_06999 b on
a.id_buku = b.id_buku
;
--------------------------------------------------------
--  DDL for View LIST_PEMBELIAN
--------------------------------------------------------

  CREATE OR REPLACE FORCE VIEW "EMIR_06999"."LIST_PEMBELIAN" ("NO_TRANSAKSI", "NAMA_PEMBELI", "NAMA_KASIR", "TOTAL_HARGA") AS 
  select a.no_transaksi, b.nama as nama_pembeli, c.nama as nama_kasir, a.total_harga
from transaksi_06999 a left join pembeli_06999 b
on a.id_pembeli = b.id_pembeli
left join pegawai_06999 c
on a.id_pegawai = c.id_pegawai
where no_transaksi <= (select sum(no_transaksi) from transaksi_06999)
;
--------------------------------------------------------
--  DDL for View LIST_TRANSAKSI
--------------------------------------------------------

  CREATE OR REPLACE FORCE VIEW "EMIR_06999"."LIST_TRANSAKSI" ("NO_TRANSAKSI", "NAMA_PEMBELI", "NAMA_KASIR", "TOTAL_HARGA") AS 
  select a.no_transaksi, b.nama as nama_pembeli, c.nama as nama_kasir, a.total_harga
from transaksi_06999 a right join pembeli_06999 b
on a.id_pembeli = b.id_pembeli
right join pegawai_06999 c
on a.id_pegawai = c.id_pegawai
where no_transaksi <= (select sum(no_transaksi) from transaksi_06999
where no_transaksi < (select max(no_transaksi) from transaksi_06999)
and no_transaksi > (select min(no_transaksi) from transaksi_06999))
;
--------------------------------------------------------
--  DDL for View LIST_VIEW
--------------------------------------------------------

  CREATE OR REPLACE FORCE VIEW "EMIR_06999"."LIST_VIEW" ("TANGGAL", "ID_PEMBELI", "NAMA", "QUANTITY", "TOTAL_HARGA", "TOTAL_BAYAR") AS 
  select a.tanggal, c.id_pembeli, c.nama, a.quantity, b.total_harga, b.total_bayar
from detail_transaksi_06999 a right join transaksi_06999 b
on a.no_transaksi = b.no_transaksi
right join pembeli_06999 c
on b.id_pembeli = c.id_pembeli
;
--------------------------------------------------------
--  DDL for View VIEW_REGIS
--------------------------------------------------------

  CREATE OR REPLACE FORCE VIEW "EMIR_06999"."VIEW_REGIS" ("ID_PEGAWAI", "NAMA_PEGAWAI", "GENDER_PEGAWAI", "ALAMAT_PEGAWAI", "NO_TELP_PEGAWAI", "USERNAME", "PASSWORD", "JABATAN", "ID_PEMBELI", "NAMA_PEMBELI", "GENDER_PEMBELI", "ALAMAT_PEMBELI", "NO_TELP_PEMBELI", "NO_REGISTRASI_PEMBELI", "NO_REGISTRASI", "O6999_TANGGAL", "ID_PEMBELI_REGIS", "ID_PEGAWAI_REGIS") AS 
  SELECT PEGAWAI_06999.ID_PEGAWAI, PEGAWAI_06999.NAMA AS NAMA_PEGAWAI, PEGAWAI_06999.JENIS_KELAMIN AS GENDER_PEGAWAI,
PEGAWAI_06999.ALAMAT AS ALAMAT_PEGAWAI, PEGAWAI_06999.NO_TELP AS NO_TELP_PEGAWAI, PEGAWAI_06999.USERNAME,
PEGAWAI_06999.PASSWORD, PEGAWAI_06999.JABATAN, PEMBELI_06999.ID_PEMBELI, PEMBELI_06999.NAMA AS NAMA_PEMBELI,
PEMBELI_06999.JENIS_KELAMIN AS GENDER_PEMBELI, PEMBELI_06999.ALAMAT AS ALAMAT_PEMBELI, PEMBELI_06999.NO_TELP
AS NO_TELP_PEMBELI, PEMBELI_06999.NO_REGISTRASI AS NO_REGISTRASI_PEMBELI, REGISTRASI_06999.NO_REGISTRASI, REGISTRASI_06999.O6999_TANGGAL,
REGISTRASI_06999.ID_PEMBELI AS ID_PEMBELI_REGIS, REGISTRASI_06999.ID_PEGAWAI AS ID_PEGAWAI_REGIS
FROM REGISTRASI_06999 JOIN PEMBELI_06999 ON REGISTRASI_06999.NO_REGISTRASI = PEMBELI_06999.NO_REGISTRASI
JOIN PEGAWAI_06999 ON REGISTRASI_06999.ID_PEGAWAI = PEGAWAI_06999.ID_PEGAWAI
;
REM INSERTING into EMIR_06999.BUKU_06999
SET DEFINE OFF;
Insert into EMIR_06999.BUKU_06999 (ID_BUKU,JUDUL_BUKU,PENERBIT,TAHUN_TERBIT,HARGA) values ('1','komik','abc','2010','20000');
Insert into EMIR_06999.BUKU_06999 (ID_BUKU,JUDUL_BUKU,PENERBIT,TAHUN_TERBIT,HARGA) values ('2','fiksi','abc','2011','30000');
Insert into EMIR_06999.BUKU_06999 (ID_BUKU,JUDUL_BUKU,PENERBIT,TAHUN_TERBIT,HARGA) values ('3','horor','abc','2010','50000');
Insert into EMIR_06999.BUKU_06999 (ID_BUKU,JUDUL_BUKU,PENERBIT,TAHUN_TERBIT,HARGA) values ('4','fantasi','abc','2010','80000');
Insert into EMIR_06999.BUKU_06999 (ID_BUKU,JUDUL_BUKU,PENERBIT,TAHUN_TERBIT,HARGA) values ('5','novel','abc','2010','100000');
Insert into EMIR_06999.BUKU_06999 (ID_BUKU,JUDUL_BUKU,PENERBIT,TAHUN_TERBIT,HARGA) values ('6','action','abc','2018','15000');
REM INSERTING into EMIR_06999.DETAIL_TRANSAKSI_06999
SET DEFINE OFF;
Insert into EMIR_06999.DETAIL_TRANSAKSI_06999 (NO_TRANSAKSI,ID_BUKU,QUANTITY,TANGGAL) values ('1','3','1',to_date('05-05-2020','DD-MM-RRRR'));
Insert into EMIR_06999.DETAIL_TRANSAKSI_06999 (NO_TRANSAKSI,ID_BUKU,QUANTITY,TANGGAL) values ('2','1','2',to_date('05-05-2020','DD-MM-RRRR'));
Insert into EMIR_06999.DETAIL_TRANSAKSI_06999 (NO_TRANSAKSI,ID_BUKU,QUANTITY,TANGGAL) values ('3','1','1',to_date('05-05-2020','DD-MM-RRRR'));
Insert into EMIR_06999.DETAIL_TRANSAKSI_06999 (NO_TRANSAKSI,ID_BUKU,QUANTITY,TANGGAL) values ('4','1','2',to_date('05-05-2020','DD-MM-RRRR'));
Insert into EMIR_06999.DETAIL_TRANSAKSI_06999 (NO_TRANSAKSI,ID_BUKU,QUANTITY,TANGGAL) values ('5','1','1',to_date('05-05-2020','DD-MM-RRRR'));
Insert into EMIR_06999.DETAIL_TRANSAKSI_06999 (NO_TRANSAKSI,ID_BUKU,QUANTITY,TANGGAL) values ('6','3','1',to_date('05-05-2020','DD-MM-RRRR'));
Insert into EMIR_06999.DETAIL_TRANSAKSI_06999 (NO_TRANSAKSI,ID_BUKU,QUANTITY,TANGGAL) values ('7','1','1',to_date('05-05-2020','DD-MM-RRRR'));
Insert into EMIR_06999.DETAIL_TRANSAKSI_06999 (NO_TRANSAKSI,ID_BUKU,QUANTITY,TANGGAL) values ('8','5','1',to_date('05-05-2020','DD-MM-RRRR'));
Insert into EMIR_06999.DETAIL_TRANSAKSI_06999 (NO_TRANSAKSI,ID_BUKU,QUANTITY,TANGGAL) values ('9','1','1',to_date('05-05-2020','DD-MM-RRRR'));
Insert into EMIR_06999.DETAIL_TRANSAKSI_06999 (NO_TRANSAKSI,ID_BUKU,QUANTITY,TANGGAL) values ('10','4','1',to_date('05-05-2020','DD-MM-RRRR'));
REM INSERTING into EMIR_06999.PEGAWAI_06999
SET DEFINE OFF;
Insert into EMIR_06999.PEGAWAI_06999 (ID_PEGAWAI,NAMA,JENIS_KELAMIN,ALAMAT,NO_TELP,USERNAME,PASSWORD,JABATAN) values ('1','Emir','laki-laki','Lamongan','213242132','emir','emir','Admin');
Insert into EMIR_06999.PEGAWAI_06999 (ID_PEGAWAI,NAMA,JENIS_KELAMIN,ALAMAT,NO_TELP,USERNAME,PASSWORD,JABATAN) values ('2','budi','laki-laki','Madura','234567891','budi','budi','admin');
Insert into EMIR_06999.PEGAWAI_06999 (ID_PEGAWAI,NAMA,JENIS_KELAMIN,ALAMAT,NO_TELP,USERNAME,PASSWORD,JABATAN) values ('3','toni','laki-laki','Sidoarjo','345678912','toni','toni','kasir');
Insert into EMIR_06999.PEGAWAI_06999 (ID_PEGAWAI,NAMA,JENIS_KELAMIN,ALAMAT,NO_TELP,USERNAME,PASSWORD,JABATAN) values ('4','adi','laki-laki','surabaya','456789123','adi','adi','kasir');
Insert into EMIR_06999.PEGAWAI_06999 (ID_PEGAWAI,NAMA,JENIS_KELAMIN,ALAMAT,NO_TELP,USERNAME,PASSWORD,JABATAN) values ('5','tedi','laki-laki','gresik','567891234','tedi','tedi','kasir');
REM INSERTING into EMIR_06999.PEMBELI_06999
SET DEFINE OFF;
Insert into EMIR_06999.PEMBELI_06999 (ID_PEMBELI,NAMA,JENIS_KELAMIN,ALAMAT,NO_TELP,NO_REGISTRASI) values ('1','udin','laki-laki','surabaya','23890890','1');
Insert into EMIR_06999.PEMBELI_06999 (ID_PEMBELI,NAMA,JENIS_KELAMIN,ALAMAT,NO_TELP,NO_REGISTRASI) values ('2','bella','perempuan','surabaya','32674387','2');
Insert into EMIR_06999.PEMBELI_06999 (ID_PEMBELI,NAMA,JENIS_KELAMIN,ALAMAT,NO_TELP,NO_REGISTRASI) values ('3','ghofur','laki-laki','surabaya','237128732','3');
Insert into EMIR_06999.PEMBELI_06999 (ID_PEMBELI,NAMA,JENIS_KELAMIN,ALAMAT,NO_TELP,NO_REGISTRASI) values ('4','bayu','laki-laki','surabaya','236121272','4');
Insert into EMIR_06999.PEMBELI_06999 (ID_PEMBELI,NAMA,JENIS_KELAMIN,ALAMAT,NO_TELP,NO_REGISTRASI) values ('5','fery','laki-laki','surabaya','23642781','5');
Insert into EMIR_06999.PEMBELI_06999 (ID_PEMBELI,NAMA,JENIS_KELAMIN,ALAMAT,NO_TELP,NO_REGISTRASI) values ('6','amin','laki-laki','surabaya','21314341','6');
Insert into EMIR_06999.PEMBELI_06999 (ID_PEMBELI,NAMA,JENIS_KELAMIN,ALAMAT,NO_TELP,NO_REGISTRASI) values ('7','mely','perempuan','surabaya','76453636','7');
Insert into EMIR_06999.PEMBELI_06999 (ID_PEMBELI,NAMA,JENIS_KELAMIN,ALAMAT,NO_TELP,NO_REGISTRASI) values ('8','alan','laki-laki','surabaya','987644','8');
Insert into EMIR_06999.PEMBELI_06999 (ID_PEMBELI,NAMA,JENIS_KELAMIN,ALAMAT,NO_TELP,NO_REGISTRASI) values ('9','fikri','laki-laki','surabaya','965456','9');
Insert into EMIR_06999.PEMBELI_06999 (ID_PEMBELI,NAMA,JENIS_KELAMIN,ALAMAT,NO_TELP,NO_REGISTRASI) values ('10','farid','laki-laki','surabaya','8024892','10');
Insert into EMIR_06999.PEMBELI_06999 (ID_PEMBELI,NAMA,JENIS_KELAMIN,ALAMAT,NO_TELP,NO_REGISTRASI) values ('11','dasj','Laki-laki','ads','21412',null);
REM INSERTING into EMIR_06999.REGISTRASI_06999
SET DEFINE OFF;
Insert into EMIR_06999.REGISTRASI_06999 (NO_REGISTRASI,O6999_TANGGAL,ID_PEMBELI,ID_PEGAWAI) values ('1',to_date('01-05-2020','DD-MM-RRRR'),'1','1');
Insert into EMIR_06999.REGISTRASI_06999 (NO_REGISTRASI,O6999_TANGGAL,ID_PEMBELI,ID_PEGAWAI) values ('2',to_date('02-05-2019','DD-MM-RRRR'),'2','1');
Insert into EMIR_06999.REGISTRASI_06999 (NO_REGISTRASI,O6999_TANGGAL,ID_PEMBELI,ID_PEGAWAI) values ('3',to_date('03-05-2019','DD-MM-RRRR'),'3','1');
Insert into EMIR_06999.REGISTRASI_06999 (NO_REGISTRASI,O6999_TANGGAL,ID_PEMBELI,ID_PEGAWAI) values ('4',to_date('04-05-2020','DD-MM-RRRR'),'4','1');
Insert into EMIR_06999.REGISTRASI_06999 (NO_REGISTRASI,O6999_TANGGAL,ID_PEMBELI,ID_PEGAWAI) values ('5',to_date('05-05-2018','DD-MM-RRRR'),'5','1');
Insert into EMIR_06999.REGISTRASI_06999 (NO_REGISTRASI,O6999_TANGGAL,ID_PEMBELI,ID_PEGAWAI) values ('6',to_date('06-05-2020','DD-MM-RRRR'),'6','1');
Insert into EMIR_06999.REGISTRASI_06999 (NO_REGISTRASI,O6999_TANGGAL,ID_PEMBELI,ID_PEGAWAI) values ('7',to_date('07-05-2019','DD-MM-RRRR'),'7','1');
Insert into EMIR_06999.REGISTRASI_06999 (NO_REGISTRASI,O6999_TANGGAL,ID_PEMBELI,ID_PEGAWAI) values ('8',to_date('08-05-2019','DD-MM-RRRR'),'8','1');
Insert into EMIR_06999.REGISTRASI_06999 (NO_REGISTRASI,O6999_TANGGAL,ID_PEMBELI,ID_PEGAWAI) values ('9',to_date('09-05-2020','DD-MM-RRRR'),'9','1');
Insert into EMIR_06999.REGISTRASI_06999 (NO_REGISTRASI,O6999_TANGGAL,ID_PEMBELI,ID_PEGAWAI) values ('10',to_date('10-05-2018','DD-MM-RRRR'),'10','1');
Insert into EMIR_06999.REGISTRASI_06999 (NO_REGISTRASI,O6999_TANGGAL,ID_PEMBELI,ID_PEGAWAI) values ('11',to_date('26-06-2020','DD-MM-RRRR'),'11','1');
REM INSERTING into EMIR_06999.TRANSAKSI_06999
SET DEFINE OFF;
Insert into EMIR_06999.TRANSAKSI_06999 (NO_TRANSAKSI,ID_PEMBELI,ID_PEGAWAI,TOTAL_HARGA,TOTAL_BAYAR,KEMBALI) values ('1','1','1','50000','100000','50000');
Insert into EMIR_06999.TRANSAKSI_06999 (NO_TRANSAKSI,ID_PEMBELI,ID_PEGAWAI,TOTAL_HARGA,TOTAL_BAYAR,KEMBALI) values ('2','2','2','40000','50000','10000');
Insert into EMIR_06999.TRANSAKSI_06999 (NO_TRANSAKSI,ID_PEMBELI,ID_PEGAWAI,TOTAL_HARGA,TOTAL_BAYAR,KEMBALI) values ('3','3','3','20000','50000','30000');
Insert into EMIR_06999.TRANSAKSI_06999 (NO_TRANSAKSI,ID_PEMBELI,ID_PEGAWAI,TOTAL_HARGA,TOTAL_BAYAR,KEMBALI) values ('4','4','4','40000','100000','60000');
Insert into EMIR_06999.TRANSAKSI_06999 (NO_TRANSAKSI,ID_PEMBELI,ID_PEGAWAI,TOTAL_HARGA,TOTAL_BAYAR,KEMBALI) values ('5','5','5','20000','20000','0');
Insert into EMIR_06999.TRANSAKSI_06999 (NO_TRANSAKSI,ID_PEMBELI,ID_PEGAWAI,TOTAL_HARGA,TOTAL_BAYAR,KEMBALI) values ('6','9','1','50000','100000','50000');
Insert into EMIR_06999.TRANSAKSI_06999 (NO_TRANSAKSI,ID_PEMBELI,ID_PEGAWAI,TOTAL_HARGA,TOTAL_BAYAR,KEMBALI) values ('7','10','2','20000','100000','70000');
Insert into EMIR_06999.TRANSAKSI_06999 (NO_TRANSAKSI,ID_PEMBELI,ID_PEGAWAI,TOTAL_HARGA,TOTAL_BAYAR,KEMBALI) values ('8','7','3','100000','100000','0');
Insert into EMIR_06999.TRANSAKSI_06999 (NO_TRANSAKSI,ID_PEMBELI,ID_PEGAWAI,TOTAL_HARGA,TOTAL_BAYAR,KEMBALI) values ('9','8','4','40000','50000','30000');
Insert into EMIR_06999.TRANSAKSI_06999 (NO_TRANSAKSI,ID_PEMBELI,ID_PEGAWAI,TOTAL_HARGA,TOTAL_BAYAR,KEMBALI) values ('10','9','5','80000','100000','20000');
--------------------------------------------------------
--  DDL for Index PK_PEGAWAI
--------------------------------------------------------

  CREATE UNIQUE INDEX "EMIR_06999"."PK_PEGAWAI" ON "EMIR_06999"."PEGAWAI_06999" ("ID_PEGAWAI") 
  PCTFREE 10 INITRANS 2 MAXTRANS 255 COMPUTE STATISTICS 
  STORAGE(INITIAL 65536 NEXT 1048576 MINEXTENTS 1 MAXEXTENTS 2147483645
  PCTINCREASE 0 FREELISTS 1 FREELIST GROUPS 1 BUFFER_POOL DEFAULT FLASH_CACHE DEFAULT CELL_FLASH_CACHE DEFAULT)
  TABLESPACE "EMIR_06999" ;
--------------------------------------------------------
--  DDL for Index U_ID_PEMBELI
--------------------------------------------------------

  CREATE UNIQUE INDEX "EMIR_06999"."U_ID_PEMBELI" ON "EMIR_06999"."REGISTRASI_06999" ("ID_PEMBELI") 
  PCTFREE 10 INITRANS 2 MAXTRANS 255 COMPUTE STATISTICS 
  STORAGE(INITIAL 65536 NEXT 1048576 MINEXTENTS 1 MAXEXTENTS 2147483645
  PCTINCREASE 0 FREELISTS 1 FREELIST GROUPS 1 BUFFER_POOL DEFAULT FLASH_CACHE DEFAULT CELL_FLASH_CACHE DEFAULT)
  TABLESPACE "EMIR_06999" ;
--------------------------------------------------------
--  DDL for Index PK_BUKU
--------------------------------------------------------

  CREATE UNIQUE INDEX "EMIR_06999"."PK_BUKU" ON "EMIR_06999"."BUKU_06999" ("ID_BUKU") 
  PCTFREE 10 INITRANS 2 MAXTRANS 255 COMPUTE STATISTICS 
  STORAGE(INITIAL 65536 NEXT 1048576 MINEXTENTS 1 MAXEXTENTS 2147483645
  PCTINCREASE 0 FREELISTS 1 FREELIST GROUPS 1 BUFFER_POOL DEFAULT FLASH_CACHE DEFAULT CELL_FLASH_CACHE DEFAULT)
  TABLESPACE "EMIR_06999" ;
--------------------------------------------------------
--  DDL for Index MEMBER_NOTELP
--------------------------------------------------------

  CREATE UNIQUE INDEX "EMIR_06999"."MEMBER_NOTELP" ON "EMIR_06999"."PEMBELI_06999" ("NO_TELP") 
  PCTFREE 10 INITRANS 2 MAXTRANS 255 COMPUTE STATISTICS 
  STORAGE(INITIAL 65536 NEXT 1048576 MINEXTENTS 1 MAXEXTENTS 2147483645
  PCTINCREASE 0 FREELISTS 1 FREELIST GROUPS 1 BUFFER_POOL DEFAULT FLASH_CACHE DEFAULT CELL_FLASH_CACHE DEFAULT)
  TABLESPACE "EMIR_06999" ;
--------------------------------------------------------
--  DDL for Index PK_REGISTRASI
--------------------------------------------------------

  CREATE UNIQUE INDEX "EMIR_06999"."PK_REGISTRASI" ON "EMIR_06999"."REGISTRASI_06999" ("NO_REGISTRASI") 
  PCTFREE 10 INITRANS 2 MAXTRANS 255 COMPUTE STATISTICS 
  STORAGE(INITIAL 65536 NEXT 1048576 MINEXTENTS 1 MAXEXTENTS 2147483645
  PCTINCREASE 0 FREELISTS 1 FREELIST GROUPS 1 BUFFER_POOL DEFAULT FLASH_CACHE DEFAULT CELL_FLASH_CACHE DEFAULT)
  TABLESPACE "EMIR_06999" ;
--------------------------------------------------------
--  DDL for Index PK_PEMBELI
--------------------------------------------------------

  CREATE UNIQUE INDEX "EMIR_06999"."PK_PEMBELI" ON "EMIR_06999"."PEMBELI_06999" ("ID_PEMBELI") 
  PCTFREE 10 INITRANS 2 MAXTRANS 255 COMPUTE STATISTICS 
  STORAGE(INITIAL 65536 NEXT 1048576 MINEXTENTS 1 MAXEXTENTS 2147483645
  PCTINCREASE 0 FREELISTS 1 FREELIST GROUPS 1 BUFFER_POOL DEFAULT FLASH_CACHE DEFAULT CELL_FLASH_CACHE DEFAULT)
  TABLESPACE "EMIR_06999" ;
--------------------------------------------------------
--  DDL for Index PK_TRANSAKSI
--------------------------------------------------------

  CREATE UNIQUE INDEX "EMIR_06999"."PK_TRANSAKSI" ON "EMIR_06999"."TRANSAKSI_06999" ("NO_TRANSAKSI") 
  PCTFREE 10 INITRANS 2 MAXTRANS 255 COMPUTE STATISTICS 
  STORAGE(INITIAL 65536 NEXT 1048576 MINEXTENTS 1 MAXEXTENTS 2147483645
  PCTINCREASE 0 FREELISTS 1 FREELIST GROUPS 1 BUFFER_POOL DEFAULT FLASH_CACHE DEFAULT CELL_FLASH_CACHE DEFAULT)
  TABLESPACE "EMIR_06999" ;
--------------------------------------------------------
--  Constraints for Table BUKU_06999
--------------------------------------------------------

  ALTER TABLE "EMIR_06999"."BUKU_06999" ADD CONSTRAINT "PK_BUKU" PRIMARY KEY ("ID_BUKU")
  USING INDEX PCTFREE 10 INITRANS 2 MAXTRANS 255 COMPUTE STATISTICS 
  STORAGE(INITIAL 65536 NEXT 1048576 MINEXTENTS 1 MAXEXTENTS 2147483645
  PCTINCREASE 0 FREELISTS 1 FREELIST GROUPS 1 BUFFER_POOL DEFAULT FLASH_CACHE DEFAULT CELL_FLASH_CACHE DEFAULT)
  TABLESPACE "EMIR_06999"  ENABLE;
  ALTER TABLE "EMIR_06999"."BUKU_06999" MODIFY ("ID_BUKU" NOT NULL ENABLE);
--------------------------------------------------------
--  Constraints for Table PEMBELI_06999
--------------------------------------------------------

  ALTER TABLE "EMIR_06999"."PEMBELI_06999" ADD CONSTRAINT "MEMBER_NOTELP" UNIQUE ("NO_TELP")
  USING INDEX PCTFREE 10 INITRANS 2 MAXTRANS 255 COMPUTE STATISTICS 
  STORAGE(INITIAL 65536 NEXT 1048576 MINEXTENTS 1 MAXEXTENTS 2147483645
  PCTINCREASE 0 FREELISTS 1 FREELIST GROUPS 1 BUFFER_POOL DEFAULT FLASH_CACHE DEFAULT CELL_FLASH_CACHE DEFAULT)
  TABLESPACE "EMIR_06999"  ENABLE;
  ALTER TABLE "EMIR_06999"."PEMBELI_06999" ADD CONSTRAINT "PK_PEMBELI" PRIMARY KEY ("ID_PEMBELI")
  USING INDEX PCTFREE 10 INITRANS 2 MAXTRANS 255 COMPUTE STATISTICS 
  STORAGE(INITIAL 65536 NEXT 1048576 MINEXTENTS 1 MAXEXTENTS 2147483645
  PCTINCREASE 0 FREELISTS 1 FREELIST GROUPS 1 BUFFER_POOL DEFAULT FLASH_CACHE DEFAULT CELL_FLASH_CACHE DEFAULT)
  TABLESPACE "EMIR_06999"  ENABLE;
  ALTER TABLE "EMIR_06999"."PEMBELI_06999" MODIFY ("ID_PEMBELI" NOT NULL ENABLE);
--------------------------------------------------------
--  Constraints for Table TRANSAKSI_06999
--------------------------------------------------------

  ALTER TABLE "EMIR_06999"."TRANSAKSI_06999" ADD CONSTRAINT "PK_TRANSAKSI" PRIMARY KEY ("NO_TRANSAKSI")
  USING INDEX PCTFREE 10 INITRANS 2 MAXTRANS 255 COMPUTE STATISTICS 
  STORAGE(INITIAL 65536 NEXT 1048576 MINEXTENTS 1 MAXEXTENTS 2147483645
  PCTINCREASE 0 FREELISTS 1 FREELIST GROUPS 1 BUFFER_POOL DEFAULT FLASH_CACHE DEFAULT CELL_FLASH_CACHE DEFAULT)
  TABLESPACE "EMIR_06999"  ENABLE;
  ALTER TABLE "EMIR_06999"."TRANSAKSI_06999" MODIFY ("NO_TRANSAKSI" NOT NULL ENABLE);
--------------------------------------------------------
--  Constraints for Table PEGAWAI_06999
--------------------------------------------------------

  ALTER TABLE "EMIR_06999"."PEGAWAI_06999" ADD CONSTRAINT "PK_PEGAWAI" PRIMARY KEY ("ID_PEGAWAI")
  USING INDEX PCTFREE 10 INITRANS 2 MAXTRANS 255 COMPUTE STATISTICS 
  STORAGE(INITIAL 65536 NEXT 1048576 MINEXTENTS 1 MAXEXTENTS 2147483645
  PCTINCREASE 0 FREELISTS 1 FREELIST GROUPS 1 BUFFER_POOL DEFAULT FLASH_CACHE DEFAULT CELL_FLASH_CACHE DEFAULT)
  TABLESPACE "EMIR_06999"  ENABLE;
  ALTER TABLE "EMIR_06999"."PEGAWAI_06999" MODIFY ("ID_PEGAWAI" NOT NULL ENABLE);
--------------------------------------------------------
--  Constraints for Table REGISTRASI_06999
--------------------------------------------------------

  ALTER TABLE "EMIR_06999"."REGISTRASI_06999" ADD CONSTRAINT "U_ID_PEMBELI" UNIQUE ("ID_PEMBELI")
  USING INDEX PCTFREE 10 INITRANS 2 MAXTRANS 255 COMPUTE STATISTICS 
  STORAGE(INITIAL 65536 NEXT 1048576 MINEXTENTS 1 MAXEXTENTS 2147483645
  PCTINCREASE 0 FREELISTS 1 FREELIST GROUPS 1 BUFFER_POOL DEFAULT FLASH_CACHE DEFAULT CELL_FLASH_CACHE DEFAULT)
  TABLESPACE "EMIR_06999"  ENABLE;
  ALTER TABLE "EMIR_06999"."REGISTRASI_06999" ADD CONSTRAINT "PK_REGISTRASI" PRIMARY KEY ("NO_REGISTRASI")
  USING INDEX PCTFREE 10 INITRANS 2 MAXTRANS 255 COMPUTE STATISTICS 
  STORAGE(INITIAL 65536 NEXT 1048576 MINEXTENTS 1 MAXEXTENTS 2147483645
  PCTINCREASE 0 FREELISTS 1 FREELIST GROUPS 1 BUFFER_POOL DEFAULT FLASH_CACHE DEFAULT CELL_FLASH_CACHE DEFAULT)
  TABLESPACE "EMIR_06999"  ENABLE;
  ALTER TABLE "EMIR_06999"."REGISTRASI_06999" MODIFY ("NO_REGISTRASI" NOT NULL ENABLE);
--------------------------------------------------------
--  Ref Constraints for Table DETAIL_TRANSAKSI_06999
--------------------------------------------------------

  ALTER TABLE "EMIR_06999"."DETAIL_TRANSAKSI_06999" ADD CONSTRAINT "FK_BUKU" FOREIGN KEY ("ID_BUKU")
	  REFERENCES "EMIR_06999"."BUKU_06999" ("ID_BUKU") ENABLE;
  ALTER TABLE "EMIR_06999"."DETAIL_TRANSAKSI_06999" ADD CONSTRAINT "FK_TRANSAKSI" FOREIGN KEY ("NO_TRANSAKSI")
	  REFERENCES "EMIR_06999"."TRANSAKSI_06999" ("NO_TRANSAKSI") ENABLE;
--------------------------------------------------------
--  Ref Constraints for Table PEMBELI_06999
--------------------------------------------------------

  ALTER TABLE "EMIR_06999"."PEMBELI_06999" ADD CONSTRAINT "FK_REGIS" FOREIGN KEY ("NO_REGISTRASI")
	  REFERENCES "EMIR_06999"."REGISTRASI_06999" ("NO_REGISTRASI") ENABLE;
--------------------------------------------------------
--  Ref Constraints for Table REGISTRASI_06999
--------------------------------------------------------

  ALTER TABLE "EMIR_06999"."REGISTRASI_06999" ADD CONSTRAINT "FK_PEGAWAI" FOREIGN KEY ("ID_PEGAWAI")
	  REFERENCES "EMIR_06999"."PEGAWAI_06999" ("ID_PEGAWAI") ENABLE;
  ALTER TABLE "EMIR_06999"."REGISTRASI_06999" ADD CONSTRAINT "FK_PEMBELI" FOREIGN KEY ("ID_PEMBELI")
	  REFERENCES "EMIR_06999"."PEMBELI_06999" ("ID_PEMBELI") ENABLE;
--------------------------------------------------------
--  Ref Constraints for Table TRANSAKSI_06999
--------------------------------------------------------

  ALTER TABLE "EMIR_06999"."TRANSAKSI_06999" ADD CONSTRAINT "FK_ID_PEGAWAI" FOREIGN KEY ("ID_PEGAWAI")
	  REFERENCES "EMIR_06999"."PEGAWAI_06999" ("ID_PEGAWAI") ENABLE;
  ALTER TABLE "EMIR_06999"."TRANSAKSI_06999" ADD CONSTRAINT "FK_ID_PEMBELI" FOREIGN KEY ("ID_PEMBELI")
	  REFERENCES "EMIR_06999"."PEMBELI_06999" ("ID_PEMBELI") ENABLE;
